<?xml version="1.0" encoding="ISO-8859-1"?>
<attributes>
<attribute>
<srcPos sline="0" eline="0" spos="0" epos="0"/>
<jmpPos sline="14" eline="14" spos="0" epos="0"/>
<text info="[body, arg1, arg2]" aType="ParamNamesTag"/>
</attribute>
<attribute>
<srcPos sline="0" eline="0" spos="0" epos="0"/>
<jmpPos sline="87" eline="87" spos="0" epos="0"/>
<text info="[arg0, arg1, arg2]" aType="ParamNamesTag"/>
</attribute>
<attribute>
<srcPos sline="0" eline="0" spos="0" epos="0"/>
<jmpPos sline="101" eline="101" spos="0" epos="0"/>
<text info="[]" aType="ParamNamesTag"/>
</attribute>
</attributes>
